instance,best c_max,avg c_max,avg time
in02_001.dat,3583,3583,0.63
in02_002.dat,3103,3103.2,0.65
in02_003.dat,2941,2941.8,0.67
in02_004.dat,2459,2459,0.64
in02_005.dat,2885,2885,0.63
in02_006.dat,2890,2890,0.64
in02_007.dat,3019,3019,0.64
in02_008.dat,2812,2816.1,0.7
in02_009.dat,2832,2832,0.62
in02_010.dat,3218,3218,0.67
in02_011.dat,3035,3035,0.62
in02_012.dat,2513,2513,0.66
in02_013.dat,3170,3170,0.66
in02_014.dat,2939,2939.7,0.68
in02_015.dat,2643,2643,0.62
in02_016.dat,3070,3070.5,0.63
in02_017.dat,3547,3547,0.62
in02_018.dat,2883,2883,0.62
in02_019.dat,3260,3261,0.66
in02_020.dat,2562,2562,0.64
in02_021.dat,3044,3044,0.64
in02_022.dat,2800,2800,0.62
in02_023.dat,3285,3285,0.64
in02_024.dat,2995,2995,0.68
in02_025.dat,2445,2445,0.66
in02_026.dat,2936,2936.4,0.65
in02_027.dat,2603,2603,0.63
in02_028.dat,2806,2806,0.61
in02_029.dat,2725,2725,0.63
in02_030.dat,2735,2735,0.61
in02_031.dat,2861,2861,0.62
in02_032.dat,2411,2411.4,0.61
in02_033.dat,2972,2972,0.67
in02_034.dat,2765,2765,0.65
in02_035.dat,2560,2563.2,0.65
in02_036.dat,3012,3012.4,0.65
in02_037.dat,3015,3015,0.61
in02_038.dat,2659,2659,0.64
in02_039.dat,3237,3237,0.66
in02_040.dat,2899,2900.2,0.64
in02_041.dat,2798,2798,0.62
in02_042.dat,2730,2730,0.64
in02_043.dat,2841,2842,0.66
in02_044.dat,3057,3057,0.62
in02_045.dat,3019,3022.2,0.65
in02_046.dat,2543,2543,0.62
in02_047.dat,2402,2402,0.62
in02_048.dat,2962,2962.8,0.64
in02_049.dat,2252,2254.4,0.63
in02_050.dat,2831,2832.6,0.62
in02_051.dat,3421,3421,0.62
in02_052.dat,3099,3099,0.61
in02_053.dat,3019,3019,0.67
in02_054.dat,2778,2778,0.65
in02_055.dat,3345,3345,0.64
in02_056.dat,3016,3016,0.7
in02_057.dat,3105,3105,0.62
in02_058.dat,2553,2553,0.62
in02_059.dat,2917,2917,0.62
in02_060.dat,3284,3284,0.65
in02_061.dat,5357,5358.2,3.5
in02_062.dat,5426,5427.2,4.01
in02_063.dat,5221,5222.9,4.07
in02_064.dat,5359,5364.7,4.15
in02_065.dat,5160,5171.7,4.02
in02_066.dat,5369,5374.7,3.92
in02_067.dat,5168,5173.1,3.76
in02_068.dat,5078,5089.6,3.59
in02_069.dat,5384,5386.6,3.9
in02_070.dat,5627,5630.9,4.09
in02_071.dat,5434,5446.2,3.77
in02_072.dat,5172,5173.7,3.82
in02_073.dat,4405,4409.3,3.89
in02_074.dat,5936,5940.8,3.82
in02_075.dat,5520,5528,3.88
in02_076.dat,5900,5900,3.57
in02_077.dat,5427,5439.8,4.2
in02_078.dat,5260,5266.3,3.83
in02_079.dat,6057,6060,3.86
in02_080.dat,5625,5632.3,3.91
in02_081.dat,5402,5405.3,3.82
in02_082.dat,5627,5629.7,3.78
in02_083.dat,5496,5497.7,3.96
in02_084.dat,5490,5495,4.03
in02_085.dat,5384,5388,3.92
in02_086.dat,5810,5819.5,4.35
in02_087.dat,4988,4994.2,4.04
in02_088.dat,5692,5695.9,3.99
in02_089.dat,4654,4659.8,4
in02_090.dat,4650,4650.2,3.67
in02_091.dat,5362,5369.1,3.98
in02_092.dat,5826,5836.4,3.51
in02_093.dat,5294,5297.2,3.92
in02_094.dat,5514,5519.7,3.87
in02_095.dat,5918,5922.9,3.87
in02_096.dat,5037,5041.9,4.02
in02_097.dat,5840,5844.9,3.66
in02_098.dat,5594,5599.3,4.06
in02_099.dat,5321,5326.2,3.72
in02_100.dat,5232,5236.7,4
in02_101.dat,5361,5363,3.87
in02_102.dat,5655,5659.8,3.69
in02_103.dat,6307,6312.6,4.25
in02_104.dat,5366,5370.5,3.79
in02_105.dat,5588,5601,3.76
in02_106.dat,6000,6006,3.9
in02_107.dat,5461,5468.3,4.16
in02_108.dat,5267,5269.8,3.88
in02_109.dat,4418,4423.6,3.88
in02_110.dat,5247,5251.4,3.99
in02_111.dat,5449,5451,4.12
in02_112.dat,4807,4819.4,3.61
in02_113.dat,5195,5197.6,3.56
in02_114.dat,5781,5783.4,3.82
in02_115.dat,4978,4979.4,4.12
in02_116.dat,5349,5353.3,3.85
in02_117.dat,5570,5578,3.66
in02_118.dat,4977,4980.9,3.94
in02_119.dat,5460,5467.7,3.99
in02_120.dat,4615,4616.2,3.77
in02_121.dat,7973,7977.6,10.25
in02_122.dat,7865,7871.9,12.49
in02_123.dat,7935,7947.3,10.87
in02_124.dat,8352,8357.4,9.87
in02_125.dat,7852,7863.6,10.8
in02_126.dat,8724,8734.1,11.65
in02_127.dat,7914,7924.2,11.36
in02_128.dat,7538,7548,11.67
in02_129.dat,7955,7970.4,10.99
in02_130.dat,8405,8414.6,11.11
in02_131.dat,7679,7692.5,11.13
in02_132.dat,7398,7407.5,11.49
in02_133.dat,8419,8429.5,11.74
in02_134.dat,7991,8006.8,11.32
in02_135.dat,8775,8784.4,10.93
in02_136.dat,8155,8162.6,11.23
in02_137.dat,7922,7932.3,11.47
in02_138.dat,7980,7988.3,11.6
in02_139.dat,7352,7365.7,11.12
in02_140.dat,8828,8835.6,10.76
in02_141.dat,8770,8777.1,10.64
in02_142.dat,7435,7448.3,11.7
in02_143.dat,8085,8093.9,11.44
in02_144.dat,7264,7272.4,11.88
in02_145.dat,7576,7585.8,11.09
in02_146.dat,8171,8182.2,12.29
in02_147.dat,7758,7772.4,11.54
in02_148.dat,8208,8219.5,11.81
in02_149.dat,7935,7944.6,12.01
in02_150.dat,7721,7731.2,11.38
in02_151.dat,7397,7407.5,10.69
in02_152.dat,7828,7844.5,11.69
in02_153.dat,7574,7584.2,11.1
in02_154.dat,7661,7669.1,11.88
in02_155.dat,7186,7197.7,11.47
in02_156.dat,7529,7543.4,11.45
in02_157.dat,8801,8812.6,11.59
in02_158.dat,7462,7475.2,11.58
in02_159.dat,8035,8049.8,10.25
in02_160.dat,8150,8165.5,12.38
in02_161.dat,8822,8839.2,11.07
in02_162.dat,7904,7914.3,10.99
in02_163.dat,7492,7496.9,11.61
in02_164.dat,8011,8023.1,11.1
in02_165.dat,7746,7764.8,11.6
in02_166.dat,8361,8371.7,11.35
in02_167.dat,8443,8452.3,11.06
in02_168.dat,7990,7997.5,9.9
in02_169.dat,9014,9020.6,11.34
in02_170.dat,8321,8329.7,11.87
in02_171.dat,6850,6854,10.25
in02_172.dat,9297,9301.8,10.5
in02_173.dat,7642,7653.8,10.66
in02_174.dat,7625,7637,10.5
in02_175.dat,7451,7457.5,10.13
in02_176.dat,7178,7191.9,10.85
in02_177.dat,8080,8086.8,11.36
in02_178.dat,7832,7847.8,11.28
in02_179.dat,7664,7674.2,11.55
in02_180.dat,8007,8010.8,11.3
in02_181.dat,10972,10992.9,23.09
in02_182.dat,10061,10073.1,24.19
in02_183.dat,10580,10595.5,22.91
in02_184.dat,10607,10624.2,22.35
in02_185.dat,10382,10397.1,21.95
in02_186.dat,10130,10142.6,22.17
in02_187.dat,10520,10532.8,20.23
in02_188.dat,11605,11620.9,24.14
in02_189.dat,10872,10885.4,24.65
in02_190.dat,10218,10231.6,22.82
in02_191.dat,10576,10592.3,23.86
in02_192.dat,10845,10867.3,22.86
in02_193.dat,10799,10806.4,23.49
in02_194.dat,11288,11308.8,22.23
in02_195.dat,10853,10868.2,23.69
in02_196.dat,9786,9794.9,21.26
in02_197.dat,10625,10635.4,23.27
in02_198.dat,11746,11756.3,23.29
in02_199.dat,11435,11442.6,21.52
in02_200.dat,12109,12142.5,23.57
in02_201.dat,9784,9794,23.19
in02_202.dat,11084,11094.8,23.06
in02_203.dat,10924,10944.3,22.41
in02_204.dat,9750,9758.9,24.33
in02_205.dat,9963,9971.1,22.14
in02_206.dat,10277,10294.7,23.5
in02_207.dat,10129,10148.4,21.55
in02_208.dat,9652,9663.2,22.32
in02_209.dat,10144,10154.6,22.85
in02_210.dat,10114,10135.6,22.7
in02_211.dat,10629,10642.4,23.92
in02_212.dat,11404,11413.6,23.08
in02_213.dat,10713,10728.5,23.73
in02_214.dat,9411,9421.8,21.56
in02_215.dat,10334,10343.1,22.71
in02_216.dat,10235,10239.8,21.95
in02_217.dat,11439,11448.7,22.39
in02_218.dat,11143,11156.7,22.72
in02_219.dat,9925,9945.9,20.17
in02_220.dat,10844,10855.3,22.91
in02_221.dat,11193,11209.4,22.58
in02_222.dat,10265,10277.4,22.91
in02_223.dat,9947,9972.1,23.47
in02_224.dat,10873,10883.6,22.86
in02_225.dat,10431,10442.1,22.73
in02_226.dat,10162,10179.7,24.62
in02_227.dat,10121,10139.5,24.21
in02_228.dat,9743,9750.2,21.07
in02_229.dat,10423,10432.2,20.96
in02_230.dat,10468,10488.4,19.55
in02_231.dat,10100,10111.7,24
in02_232.dat,9806,9822,21.46
in02_233.dat,10405,10420.2,24
in02_234.dat,10563,10573.7,24.35
in02_235.dat,10247,10264.2,23.02
in02_236.dat,10376,10385.2,24.39
in02_237.dat,11089,11099.2,21.37
in02_238.dat,9706,9723.2,20.72
in02_239.dat,10137,10146.2,23.62
in02_240.dat,10787,10795.9,23.01
in02_241.dat,12990,13000.2,40.28
in02_242.dat,12199,12211.9,38.41
in02_243.dat,13118,13142.1,39
in02_244.dat,12974,12991.2,40.2
in02_245.dat,12447,12463.5,40.3
in02_246.dat,13924,13938,40.16
in02_247.dat,12899,12911.4,39.96
in02_248.dat,13257,13270.4,38.65
in02_249.dat,13073,13083.4,38.26
in02_250.dat,12315,12334,39.24
in02_251.dat,12963,12984.2,40.13
in02_252.dat,13221,13239,39.09
in02_253.dat,12585,12597.2,36.65
in02_254.dat,12422,12439.4,38.71
in02_255.dat,13985,13996.4,38.06
in02_256.dat,13480,13494.3,40.23
in02_257.dat,12602,12624.1,36.78
in02_258.dat,13588,13601.7,36.95
in02_259.dat,12703,12710.1,38.99
in02_260.dat,13462,13474.1,38.14
in02_261.dat,12751,12764.3,38.06
in02_262.dat,13797,13808.6,40.32
in02_263.dat,12362,12368.1,35.91
in02_264.dat,12687,12707.7,40.27
in02_265.dat,12458,12473,42.99
in02_266.dat,13113,13135.7,39.36
in02_267.dat,12640,12650.4,39.14
in02_268.dat,13958,13966.6,39.82
in02_269.dat,12259,12273.8,39.45
in02_270.dat,13706,13722,42.22
in02_271.dat,13824,13835.3,42.38
in02_272.dat,13773,13788,40.61
in02_273.dat,13423,13440.4,40.73
in02_274.dat,11961,11977.5,38.27
in02_275.dat,12895,12915.5,40.88
in02_276.dat,12786,12808.8,38.01
in02_277.dat,12927,12939.8,38.12
in02_278.dat,12143,12150.3,40.81
in02_279.dat,13179,13199.8,39.46
in02_280.dat,13720,13736.2,38.48
in02_281.dat,11949,11960.7,38.91
in02_282.dat,13537,13560.2,40.91
in02_283.dat,13111,13131.1,37.28
in02_284.dat,12352,12361.4,39.43
in02_285.dat,13955,13973.6,40.78
in02_286.dat,13362,13375,37.5
in02_287.dat,12311,12325.9,36.26
in02_288.dat,14084,14093.3,39.17
in02_289.dat,12130,12142.5,39.33
in02_290.dat,13384,13401,38.85
in02_291.dat,13680,13693.2,38.18
in02_292.dat,13807,13818.3,38.65
in02_293.dat,13755,13768.2,36.48
in02_294.dat,12619,12633.2,38.49
in02_295.dat,12178,12189.2,38.07
in02_296.dat,12366,12383.2,40.64
in02_297.dat,13694,13714.8,40.72
in02_298.dat,13522,13534.9,40.67
in02_299.dat,12343,12358.2,40.77
in02_300.dat,13345,13355.6,37.77
in02_301.dat,14777,14787.8,57.78
in02_302.dat,15612,15621.1,61.59
in02_303.dat,14893,14903.8,56.08
in02_304.dat,16424,16439.7,57.06
in02_305.dat,15064,15099.3,60.58
in02_306.dat,15297,15310.1,55.8
in02_307.dat,14410,14424.6,60.13
in02_308.dat,16026,16034.4,59.96
in02_309.dat,15499,15514.9,54.99
in02_310.dat,15356,15387.1,59.29
in02_311.dat,14975,14990.2,61.92
in02_312.dat,15627,15652.2,56.86
in02_313.dat,16342,16358.4,55.01
in02_314.dat,16658,16673.6,59.56
in02_315.dat,15191,15205.3,61.45
in02_316.dat,15130,15151.3,56.55
in02_317.dat,15466,15483.4,60.23
in02_318.dat,16182,16202.2,51.67
in02_319.dat,16003,16025.2,64.94
in02_320.dat,15760,15779.3,59.92
in02_321.dat,15815,15826.4,57.56
in02_322.dat,16419,16435.3,55.76
in02_323.dat,16328,16353.3,58.68
in02_324.dat,15272,15290,61.9
in02_325.dat,14876,14905.9,57.07
in02_326.dat,14839,14860.8,59.21
in02_327.dat,15325,15341.8,61.48
in02_328.dat,15494,15507.1,58.45
in02_329.dat,15257,15269.4,56.36
in02_330.dat,15560,15582.5,61.74
in02_331.dat,15168,15180.4,58.39
in02_332.dat,14825,14837.5,64.41
in02_333.dat,14600,14635.7,59.27
in02_334.dat,14798,14808.3,54.56
in02_335.dat,15829,15846.1,56.28
in02_336.dat,16602,16620.2,52.3
in02_337.dat,15985,16018.3,56.56
in02_338.dat,15537,15559.5,58.4
in02_339.dat,15989,16007.5,61.84
in02_340.dat,15245,15260.6,58.61
in02_341.dat,16765,16783.9,61.22
in02_342.dat,15533,15551.2,57.49
in02_343.dat,15964,15975.3,56.6
in02_344.dat,15893,15905.3,53.61
in02_345.dat,14951,14975.6,64.09
in02_346.dat,14728,14742.1,53.9
in02_347.dat,16123,16149.6,57.24
in02_348.dat,14546,14570.1,58.57
in02_349.dat,15257,15284.4,56.1
in02_350.dat,16207,16216.8,53.69
in02_351.dat,16111,16125.4,58.64
in02_352.dat,15928,15938.8,58.09
in02_353.dat,15097,15106.6,59.86
in02_354.dat,14982,14996.6,56.18
in02_355.dat,14558,14573.7,54.87
in02_356.dat,15326,15335.7,61.93
in02_357.dat,15923,15942.2,54.67
in02_358.dat,15990,16003.8,59.48
in02_359.dat,15824,15844.9,54.84
in02_360.dat,16849,16867.3,57.56
in06_001.dat,2569,2569,0.63
in06_002.dat,2627,2627,0.67
in06_003.dat,2881,2881,0.62
in06_004.dat,2887,2887,0.62
in06_005.dat,2922,2922,0.62
in06_006.dat,3117,3117,0.64
in06_007.dat,2865,2865,0.61
in06_008.dat,2707,2707,0.62
in06_009.dat,3366,3366,0.61
in06_010.dat,3303,3303,0.66
in06_011.dat,2978,2978,0.65
in06_012.dat,2657,2657,0.61
in06_013.dat,3504,3504,0.62
in06_014.dat,2959,2959,0.62
in06_015.dat,3225,3226.8,0.63
in06_016.dat,3533,3533,0.63
in06_017.dat,2679,2679,0.68
in06_018.dat,2812,2812,0.66
in06_019.dat,3453,3453,0.67
in06_020.dat,2564,2564,0.62
in06_021.dat,2645,2645,0.65
in06_022.dat,3387,3387,0.61
in06_023.dat,3074,3074,0.65
in06_024.dat,3037,3037,0.62
in06_025.dat,3043,3043,0.67
in06_026.dat,2488,2488.2,0.65
in06_027.dat,3388,3388,0.62
in06_028.dat,3136,3136,0.62
in06_029.dat,2865,2865,0.71
in06_030.dat,3037,3037,0.66
in06_031.dat,3370,3370,0.64
in06_032.dat,2771,2771,0.62
in06_033.dat,3536,3536,0.62
in06_034.dat,2862,2862,0.62
in06_035.dat,3170,3170,0.65
in06_036.dat,2760,2760,0.66
in06_037.dat,2924,2924,0.62
in06_038.dat,2743,2743,0.63
in06_039.dat,2923,2927.5,0.68
in06_040.dat,3091,3091,0.66
in06_041.dat,2876,2876,0.66
in06_042.dat,2851,2851,0.64
in06_043.dat,2760,2760,0.68
in06_044.dat,2554,2554,0.63
in06_045.dat,3178,3178,0.65
in06_046.dat,2653,2653.9,0.67
in06_047.dat,3357,3358.2,0.62
in06_048.dat,3044,3044,0.69
in06_049.dat,2980,2980,0.67
in06_050.dat,2651,2651,0.64
in06_051.dat,2886,2896.2,0.63
in06_052.dat,2633,2634.2,0.65
in06_053.dat,2325,2325,0.61
in06_054.dat,2836,2839.4,0.64
in06_055.dat,2845,2845,0.63
in06_056.dat,2596,2597,0.66
in06_057.dat,2737,2738.8,0.66
in06_058.dat,3351,3351,0.63
in06_059.dat,2904,2904,0.62
in06_060.dat,3466,3466,0.67
in06_061.dat,5513,5522,3.37
in06_062.dat,6155,6157.4,3.76
in06_063.dat,4831,4831,3.38
in06_064.dat,6109,6120.9,3.75
in06_065.dat,5868,5874,3.5
in06_066.dat,5835,5842.9,3.46
in06_067.dat,6294,6296.4,3.47
in06_068.dat,5287,5291,3.31
in06_069.dat,5789,5790.3,3.54
in06_070.dat,5996,5998.7,3.5
in06_071.dat,5841,5846.8,3.64
in06_072.dat,6002,6008.7,3.49
in06_073.dat,5476,5483.1,3.43
in06_074.dat,5862,5863.2,3.75
in06_075.dat,5623,5623.8,3.48
in06_076.dat,5896,5898.2,3.59
in06_077.dat,6041,6041.9,3.36
in06_078.dat,5804,5811.9,3.75
in06_079.dat,5936,5942.2,3.51
in06_080.dat,5646,5674.3,3.84
in06_081.dat,5096,5098.1,3.67
in06_082.dat,5651,5668.5,4.13
in06_083.dat,5471,5473.6,3.91
in06_084.dat,4946,4954.2,3.87
in06_085.dat,5200,5209,4.19
in06_086.dat,4923,4926,3.77
in06_087.dat,5680,5684.9,3.81
in06_088.dat,5137,5140.3,3.81
in06_089.dat,5515,5520.6,4.24
in06_090.dat,5921,5931.3,3.96
in06_091.dat,5148,5151.2,3.85
in06_092.dat,5020,5020.8,3.7
in06_093.dat,6425,6425.3,3.68
in06_094.dat,5302,5303,3.56
in06_095.dat,6455,6458.5,4.01
in06_096.dat,6343,6345.7,3.95
in06_097.dat,5657,5658.5,3.68
in06_098.dat,5523,5534.5,3.91
in06_099.dat,5531,5531.3,3.88
in06_100.dat,5962,5966.9,3.92
in06_101.dat,5679,5681.1,4.04
in06_102.dat,6108,6113.4,3.56
in06_103.dat,5270,5271.4,3.97
in06_104.dat,5530,5530.2,3.85
in06_105.dat,5658,5662.7,4.15
in06_106.dat,4453,4459.8,4.1
in06_107.dat,4693,4693.8,3.52
in06_108.dat,6204,6206.6,4
in06_109.dat,5287,5290,3.98
in06_110.dat,5336,5339.1,3.74
in06_111.dat,6063,6063.8,4.01
in06_112.dat,5349,5355.4,3.62
in06_113.dat,5660,5664.4,4.01
in06_114.dat,6726,6728.5,4.03
in06_115.dat,5534,5534.5,3.99
in06_116.dat,5304,5309.2,3.82
in06_117.dat,5070,5074.6,3.95
in06_118.dat,5330,5334,3.8
in06_119.dat,5077,5077.6,3.9
in06_120.dat,5595,5600,4.11
in06_121.dat,8461,8470.1,10.08
in06_122.dat,8453,8461.4,9.84
in06_123.dat,8523,8530.2,10.41
in06_124.dat,9346,9353.6,10.73
in06_125.dat,7940,7957.5,10.16
in06_126.dat,8074,8090.9,10.32
in06_127.dat,8394,8403.5,10.37
in06_128.dat,8839,8851.9,10.05
in06_129.dat,8796,8818.7,10.93
in06_130.dat,8214,8228.2,10.21
in06_131.dat,8512,8525.6,10.31
in06_132.dat,8373,8382.2,9.54
in06_133.dat,8435,8442,11.11
in06_134.dat,8420,8425.5,10.24
in06_135.dat,8611,8612.8,9.73
in06_136.dat,7901,7918.5,10.43
in06_137.dat,8530,8547,9.75
in06_138.dat,8823,8832.8,10.23
in06_139.dat,9263,9279.4,11.03
in06_140.dat,8121,8138.3,10.45
in06_141.dat,7955,7963.2,11.12
in06_142.dat,8036,8043.1,11.76
in06_143.dat,8818,8823.6,10.77
in06_144.dat,7402,7419,11.41
in06_145.dat,8690,8710.5,11.4
in06_146.dat,8328,8337.8,11.3
in06_147.dat,8546,8566.7,11.13
in06_148.dat,7277,7289.3,10.57
in06_149.dat,8324,8331.7,9.88
in06_150.dat,8321,8334.1,10.66
in06_151.dat,8394,8409.1,11.99
in06_152.dat,7899,7913.7,10.18
in06_153.dat,7804,7816.8,11.47
in06_154.dat,8412,8419.2,10.38
in06_155.dat,8226,8230.1,10.39
in06_156.dat,7806,7822.8,11.2
in06_157.dat,7738,7743.6,10.95
in06_158.dat,9084,9098.1,10.84
in06_159.dat,9161,9167.4,11.2
in06_160.dat,8370,8384.3,11.37
in06_161.dat,7955,7973.1,11.7
in06_162.dat,8706,8718.1,11.64
in06_163.dat,7517,7525.6,11.11
in06_164.dat,8878,8890.2,11.27
in06_165.dat,8126,8138.7,11.55
in06_166.dat,8655,8663.4,10.85
in06_167.dat,8437,8447.1,10.39
in06_168.dat,8528,8537.8,11.36
in06_169.dat,8158,8165.7,11.55
in06_170.dat,8868,8890,11.89
in06_171.dat,8080,8096.5,10.58
in06_172.dat,7600,7613.3,11.61
in06_173.dat,7696,7707.9,11.84
in06_174.dat,8083,8098.7,10.27
in06_175.dat,7761,7771.3,10.75
in06_176.dat,7890,7908.2,11.2
in06_177.dat,8478,8486.2,10.84
in06_178.dat,7711,7719.7,11.13
in06_179.dat,7893,7906.6,11.76
in06_180.dat,7917,7924.4,11.07
in06_181.dat,11032,11041.3,22.05
in06_182.dat,11185,11199.3,22.39
in06_183.dat,10397,10405,21.42
in06_184.dat,11599,11605.3,22.72
in06_185.dat,10311,10316.6,21.66
in06_186.dat,10896,10906.5,21.24
in06_187.dat,11090,11107.9,23.16
in06_188.dat,10627,10639.5,22.75
in06_189.dat,10090,10107.1,21.6
in06_190.dat,10064,10077.6,21.82
in06_191.dat,11130,11142.8,23.78
in06_192.dat,10788,10821.3,22.75
in06_193.dat,9373,9388.5,21.67
in06_194.dat,11311,11325.7,19.74
in06_195.dat,10815,10827.2,22.06
in06_196.dat,11093,11110.7,22.11
in06_197.dat,10709,10721.5,21.62
in06_198.dat,11973,11989.4,20.16
in06_199.dat,11331,11341.3,23.19
in06_200.dat,10077,10101.2,21.37
in06_201.dat,11778,11795.1,22.17
in06_202.dat,10930,10940.9,22.03
in06_203.dat,11349,11357,21.77
in06_204.dat,10122,10147.9,22.3
in06_205.dat,10698,10711.8,23.14
in06_206.dat,9448,9454.6,23.33
in06_207.dat,10108,10121.1,21.93
in06_208.dat,11190,11206.6,23.72
in06_209.dat,10261,10269.9,20.9
in06_210.dat,9488,9507.9,25.12
in06_211.dat,11574,11588.6,23.29
in06_212.dat,11387,11404,24.47
in06_213.dat,10617,10630.6,21.97
in06_214.dat,11500,11521.2,23.15
in06_215.dat,10424,10441.7,23.12
in06_216.dat,10546,10559.3,23.39
in06_217.dat,10597,10604.5,23.38
in06_218.dat,10694,10703.8,21.41
in06_219.dat,10416,10433.6,23.33
in06_220.dat,9953,9968.5,22.33
in06_221.dat,10847,10858.4,22.95
in06_222.dat,10852,10873.5,22.09
in06_223.dat,11259,11284.8,21.84
in06_224.dat,10422,10434.8,22.5
in06_225.dat,10773,10784.9,22.75
in06_226.dat,11456,11462.6,20.96
in06_227.dat,9244,9262.4,22.64
in06_228.dat,11332,11346.4,24.38
in06_229.dat,10003,10011.3,21.07
in06_230.dat,10022,10034.8,22.07
in06_231.dat,10135,10156.1,22.96
in06_232.dat,10687,10706.4,23.78
in06_233.dat,10435,10448.4,23.45
in06_234.dat,10088,10108,21.72
in06_235.dat,9739,9749.8,23.4
in06_236.dat,10496,10508.2,22.7
in06_237.dat,11199,11209.7,22.99
in06_238.dat,10499,10510.7,22.62
in06_239.dat,10194,10216.3,22.56
in06_240.dat,10628,10639.1,21.03
in06_241.dat,12726,12742.1,36.36
in06_242.dat,13694,13702.9,40.97
in06_243.dat,12703,12722.8,42.65
in06_244.dat,14546,14578.2,38.49
in06_245.dat,12805,12835.4,38.12
in06_246.dat,12935,12951,39.44
in06_247.dat,12952,12963.2,36.21
in06_248.dat,14062,14085.8,41.1
in06_249.dat,12942,12955.7,39.92
in06_250.dat,13497,13514.2,40
in06_251.dat,13673,13689.4,37.2
in06_252.dat,13400,13407.9,38.76
in06_253.dat,14298,14329.5,40.03
in06_254.dat,14121,14136.8,37.55
in06_255.dat,13029,13037.6,35.74
in06_256.dat,14102,14122.3,40.8
in06_257.dat,13464,13480.4,37.8
in06_258.dat,12731,12752.7,42.12
in06_259.dat,13043,13057.7,39.44
in06_260.dat,13391,13421.3,39.7
in06_261.dat,14061,14081.4,42.67
in06_262.dat,13624,13636.7,37.99
in06_263.dat,13243,13257.6,38.63
in06_264.dat,13084,13098.4,39.98
in06_265.dat,13541,13561.2,38.67
in06_266.dat,11908,11921.2,38.82
in06_267.dat,13287,13307.5,41.76
in06_268.dat,13645,13657.1,40.68
in06_269.dat,13137,13155.5,40.25
in06_270.dat,12420,12443.5,38.5
in06_271.dat,14404,14414.4,38.12
in06_272.dat,12715,12725.2,40.85
in06_273.dat,13101,13116.1,39.08
in06_274.dat,13637,13655.3,40.59
in06_275.dat,13348,13358.2,39.82
in06_276.dat,13564,13585.9,38.91
in06_277.dat,13593,13628.8,38.43
in06_278.dat,12952,12974,38.19
in06_279.dat,13305,13311.4,40.46
in06_280.dat,13169,13180.8,39.19
in06_281.dat,11941,11953,36.58
in06_282.dat,12705,12715.1,41.24
in06_283.dat,13849,13861.8,38.95
in06_284.dat,13698,13708.2,39.86
in06_285.dat,13255,13264.5,40.14
in06_286.dat,13492,13516.9,39.81
in06_287.dat,12732,12753.7,40.67
in06_288.dat,12794,12805,40.24
in06_289.dat,12206,12219.6,41.36
in06_290.dat,13025,13038.8,37.51
in06_291.dat,13099,13114.4,41.42
in06_292.dat,12623,12648.4,36.97
in06_293.dat,14051,14063.7,39.83
in06_294.dat,13673,13699,40.16
in06_295.dat,13065,13076.1,36.53
in06_296.dat,11877,11892.3,39.76
in06_297.dat,13550,13572.9,36.13
in06_298.dat,13613,13630.3,38.98
in06_299.dat,14071,14078.9,39.7
in06_300.dat,12664,12687.6,36.64
in06_301.dat,15358,15382.7,61.95
in06_302.dat,16302,16322.2,60.77
in06_303.dat,16621,16633,66.85
in06_304.dat,16524,16538.9,59.91
in06_305.dat,16362,16386.1,63.54
in06_306.dat,14919,14945,58.7
in06_307.dat,14918,14950.4,62.91
in06_308.dat,14628,14649.7,59.27
in06_309.dat,16242,16255,60.23
in06_310.dat,16056,16074.7,59.17
in06_311.dat,15546,15558.6,58.02
in06_312.dat,16148,16161.7,63.43
in06_313.dat,15371,15404.6,59.58
in06_314.dat,16507,16523,63.03
in06_315.dat,17395,17427.3,64.77
in06_316.dat,17010,17047.9,60.5
in06_317.dat,17316,17339.1,58.36
in06_318.dat,15804,15840.4,59.88
in06_319.dat,15018,15031.3,62.54
in06_320.dat,15827,15842.8,63.9
in06_321.dat,16859,16880.7,60.06
in06_322.dat,15848,15862.4,63.31
in06_323.dat,15262,15277.2,61.11
in06_324.dat,15899,15922.6,59.11
in06_325.dat,16394,16412.8,56.41
in06_326.dat,16117,16131.9,59.25
in06_327.dat,15293,15306.8,61.97
in06_328.dat,16089,16111.2,61.29
in06_329.dat,15789,15805.6,58.85
in06_330.dat,15253,15278.3,58.4
in06_331.dat,16254,16268.6,58.92
in06_332.dat,15147,15165.2,58.58
in06_333.dat,15858,15877.3,62.13
in06_334.dat,16413,16434.3,58.16
in06_335.dat,15941,15959.1,58.86
in06_336.dat,14707,14721,59.75
in06_337.dat,15474,15487.3,61.3
in06_338.dat,15942,15962.1,60.27
in06_339.dat,15969,15978.6,59.43
in06_340.dat,13931,13950.8,59.27
in06_341.dat,16397,16419.9,56.16
in06_342.dat,15212,15229.6,61.82
in06_343.dat,15872,15888.9,61.24
in06_344.dat,15485,15500.9,61.41
in06_345.dat,15755,15767.6,59.18
in06_346.dat,15719,15734.1,59.11
in06_347.dat,16274,16280.5,57.96
in06_348.dat,16775,16797.8,62.34
in06_349.dat,14184,14201.3,55
in06_350.dat,15770,15784.1,60.71
in06_351.dat,16108,16128,61.47
in06_352.dat,16167,16176.6,56.02
in06_353.dat,15775,15799.6,56.36
in06_354.dat,16283,16290.3,57.74
in06_355.dat,14680,14701.9,54.95
in06_356.dat,15801,15815.7,54.38
in06_357.dat,15521,15534,59.34
in06_358.dat,14043,14055.5,56
in06_359.dat,15696,15711.9,58.68
in06_360.dat,16200,16227.5,57.4
in10_001.dat,3554,3554,0.64
in10_002.dat,3297,3297,0.61
in10_003.dat,3182,3182,0.62
in10_004.dat,3460,3460,0.62
in10_005.dat,3288,3288,0.64
in10_006.dat,3699,3699.2,0.65
in10_007.dat,3490,3490,0.63
in10_008.dat,3466,3466,0.59
in10_009.dat,3622,3622,0.6
in10_010.dat,3391,3391,0.61
in10_011.dat,3521,3521,0.6
in10_012.dat,3392,3396.5,0.66
in10_013.dat,3191,3191,0.62
in10_014.dat,3462,3465.9,0.63
in10_015.dat,3513,3513,0.63
in10_016.dat,2896,2896,0.64
in10_017.dat,2692,2692,0.62
in10_018.dat,3485,3485,0.63
in10_019.dat,3360,3363.6,0.67
in10_020.dat,3259,3259,0.62
in10_021.dat,2749,2749,0.67
in10_022.dat,3261,3261,0.64
in10_023.dat,3104,3105.8,0.64
in10_024.dat,3153,3153,0.63
in10_025.dat,3580,3580.8,0.61
in10_026.dat,3298,3298,0.63
in10_027.dat,3136,3136,0.64
in10_028.dat,2618,2618,0.63
in10_029.dat,2904,2904,0.61
in10_030.dat,2786,2788,0.7
in10_031.dat,2621,2621,0.64
in10_032.dat,2820,2820,0.64
in10_033.dat,3106,3108.2,0.66
in10_034.dat,3368,3368,0.61
in10_035.dat,3058,3058,0.65
in10_036.dat,2496,2496,0.62
in10_037.dat,3224,3224,0.64
in10_038.dat,3295,3295,0.63
in10_039.dat,3179,3179,0.64
in10_040.dat,3214,3214,0.61
in10_041.dat,3289,3289,0.65
in10_042.dat,2879,2879,0.64
in10_043.dat,3500,3500,0.68
in10_044.dat,2889,2889,0.62
in10_045.dat,2905,2905,0.64
in10_046.dat,3313,3314.6,0.62
in10_047.dat,3199,3199,0.65
in10_048.dat,3050,3050,0.64
in10_049.dat,3247,3248.4,0.64
in10_050.dat,2667,2668.6,0.67
in10_051.dat,2830,2830,0.66
in10_052.dat,3166,3166,0.63
in10_053.dat,2940,2940,0.64
in10_054.dat,2968,2968,0.64
in10_055.dat,3170,3170,0.64
in10_056.dat,3205,3205,0.65
in10_057.dat,3089,3089,0.62
in10_058.dat,3306,3306,0.64
in10_059.dat,3095,3095.4,0.66
in10_060.dat,2555,2555.5,0.66
in10_061.dat,6685,6686.5,3.51
in10_062.dat,6840,6840.6,3.19
in10_063.dat,5942,5961.9,3.43
in10_064.dat,5601,5623.3,3.57
in10_065.dat,5384,5394.6,3.42
in10_066.dat,5888,5892.6,3.42
in10_067.dat,6655,6656,3.36
in10_068.dat,6870,6871.3,3.28
in10_069.dat,6521,6527.6,3.44
in10_070.dat,6589,6594.4,3.64
in10_071.dat,6703,6716.7,3.54
in10_072.dat,5746,5751.7,3.58
in10_073.dat,5497,5516,3.76
in10_074.dat,6303,6303,3.08
in10_075.dat,5841,5860.1,3.36
in10_076.dat,6259,6259,3.21
in10_077.dat,5488,5531.1,3.77
in10_078.dat,5969,5969,3.08
in10_079.dat,6182,6202.1,3.29
in10_080.dat,6403,6412.8,3.14
in10_081.dat,5154,5156.6,3.68
in10_082.dat,5729,5735.6,3.73
in10_083.dat,5281,5287.9,3.86
in10_084.dat,5476,5476,3.54
in10_085.dat,4724,4725.5,3.71
in10_086.dat,5089,5098.7,3.75
in10_087.dat,5818,5826.7,3.85
in10_088.dat,5628,5634.3,3.92
in10_089.dat,4878,4883.8,3.45
in10_090.dat,6328,6329.2,3.64
in10_091.dat,5348,5351.1,3.7
in10_092.dat,5295,5296.9,3.49
in10_093.dat,5513,5520.1,3.86
in10_094.dat,4879,4882.1,3.63
in10_095.dat,6129,6134.2,3.77
in10_096.dat,5375,5385.8,3.81
in10_097.dat,5678,5679.8,3.87
in10_098.dat,5845,5848,3.59
in10_099.dat,4690,4692.8,3.82
in10_100.dat,5616,5617.8,3.35
in10_101.dat,5833,5835.5,3.64
in10_102.dat,5101,5106.4,3.82
in10_103.dat,5329,5330.5,3.52
in10_104.dat,6199,6199,3.83
in10_105.dat,5599,5601.8,3.69
in10_106.dat,5190,5190,3.78
in10_107.dat,5530,5534,3.61
in10_108.dat,5524,5535.7,4.03
in10_109.dat,5891,5891.4,3.69
in10_110.dat,5547,5550.7,3.81
in10_111.dat,5182,5183.5,3.46
in10_112.dat,5729,5731.6,3.52
in10_113.dat,5612,5616.2,3.9
in10_114.dat,6005,6009.1,3.93
in10_115.dat,5229,5230.6,3.72
in10_116.dat,5358,5364.1,3.65
in10_117.dat,6270,6277.3,3.5
in10_118.dat,5966,5974.1,3.8
in10_119.dat,5724,5733.5,4.03
in10_120.dat,6001,6004.5,3.93
in10_121.dat,8423,8445.1,8.59
in10_122.dat,8604,8629.9,9.02
in10_123.dat,9307,9322.6,8.84
in10_124.dat,8628,8659.7,9.45
in10_125.dat,9597,9615.6,9.84
in10_126.dat,8575,8589.6,8.81
in10_127.dat,8642,8657.8,8.7
in10_128.dat,9094,9103.6,8.79
in10_129.dat,8786,8815.2,8.77
in10_130.dat,8555,8555,8.4
in10_131.dat,8062,8078.1,8.83
in10_132.dat,9794,9794.5,9.24
in10_133.dat,9093,9120,8.92
in10_134.dat,8719,8732.7,8.81
in10_135.dat,8700,8721.3,9.06
in10_136.dat,9178,9181.6,8.94
in10_137.dat,9606,9616.7,9.03
in10_138.dat,9231,9237.1,9.88
in10_139.dat,9041,9053.9,10.17
in10_140.dat,8546,8561.8,9.25
in10_141.dat,8528,8545.5,11.13
in10_142.dat,7760,7766.9,10.33
in10_143.dat,7938,7942.3,10.38
in10_144.dat,8041,8049.4,10.87
in10_145.dat,8542,8551.2,10.58
in10_146.dat,8621,8630.2,11.47
in10_147.dat,8245,8251.5,9.55
in10_148.dat,8088,8096.4,10.61
in10_149.dat,8622,8629.3,11.38
in10_150.dat,7726,7739.1,10.69
in10_151.dat,8627,8631.9,9.45
in10_152.dat,7432,7439.8,10.48
in10_153.dat,8792,8798.6,11.08
in10_154.dat,7667,7679.3,10.24
in10_155.dat,8407,8416.1,11.12
in10_156.dat,7976,7982.7,10.54
in10_157.dat,8233,8238.3,9.93
in10_158.dat,8074,8083.3,10.93
in10_159.dat,8484,8523.3,11.17
in10_160.dat,7844,7854.8,9.43
in10_161.dat,7397,7407.2,10.32
in10_162.dat,7461,7473.9,11.5
in10_163.dat,8315,8323.7,11.7
in10_164.dat,8161,8170.1,10.92
in10_165.dat,7781,7792.3,11.32
in10_166.dat,7812,7819.4,10.7
in10_167.dat,8250,8269.7,11.23
in10_168.dat,8653,8665,10.93
in10_169.dat,7552,7560.1,10.73
in10_170.dat,8745,8755.9,11.39
in10_171.dat,8312,8324.4,11.23
in10_172.dat,8474,8484.9,11.57
in10_173.dat,8085,8093.9,12.38
in10_174.dat,7453,7460.6,11.38
in10_175.dat,7874,7884.7,10.37
in10_176.dat,8324,8331.1,10.38
in10_177.dat,8785,8791.4,11.27
in10_178.dat,8692,8706,12.18
in10_179.dat,8364,8372.1,10.41
in10_180.dat,7641,7654.3,11.57
in10_181.dat,11217,11235.5,18.6
in10_182.dat,12117,12139.4,19.24
in10_183.dat,12092,12115.9,19.59
in10_184.dat,12263,12286.8,19.07
in10_185.dat,11562,11571.1,18.07
in10_186.dat,11482,11501.1,17.64
in10_187.dat,11744,11767.6,19.24
in10_188.dat,12345,12357.1,19.33
in10_189.dat,11645,11651.2,19.14
in10_190.dat,11632,11639.1,19.39
in10_191.dat,10938,10973.6,18.57
in10_192.dat,11643,11661.5,18.02
in10_193.dat,11780,11794,21.18
in10_194.dat,10953,10965.9,17.97
in10_195.dat,12222,12241,18.58
in10_196.dat,12219,12233.6,19.18
in10_197.dat,11282,11322.9,18.28
in10_198.dat,12420,12435.2,19.08
in10_199.dat,11986,12002.1,20.39
in10_200.dat,11826,11868.2,21.49
in10_201.dat,11720,11732,22.98
in10_202.dat,9954,9980.6,22.37
in10_203.dat,10210,10216.8,23.4
in10_204.dat,10345,10361.9,22.17
in10_205.dat,10226,10239.5,22.16
in10_206.dat,10621,10634.9,22.88
in10_207.dat,11242,11257.3,20.46
in10_208.dat,9722,9741.5,20.67
in10_209.dat,11025,11036.2,21.81
in10_210.dat,10779,10787.2,20.57
in10_211.dat,11447,11468.5,23.88
in10_212.dat,10268,10281.2,21.36
in10_213.dat,10437,10459,22.55
in10_214.dat,10701,10716.4,22.28
in10_215.dat,10983,10994.4,22.86
in10_216.dat,11064,11079,23.6
in10_217.dat,11178,11186.3,21.22
in10_218.dat,10516,10529.6,22.78
in10_219.dat,11299,11310.8,22.95
in10_220.dat,11499,11509.1,21.79
in10_221.dat,10695,10708.4,20.08
in10_222.dat,11310,11328.9,24.17
in10_223.dat,11158,11169.7,23.71
in10_224.dat,10712,10724.9,23.25
in10_225.dat,11087,11105.5,22.35
in10_226.dat,9733,9740.1,22.45
in10_227.dat,10916,10932.5,21.77
in10_228.dat,10743,10753.4,21.7
in10_229.dat,10570,10586,22.57
in10_230.dat,10983,10999.6,22.59
in10_231.dat,11138,11164.4,23.06
in10_232.dat,10620,10635.5,22.25
in10_233.dat,11023,11034.4,22.18
in10_234.dat,12072,12087.2,23.32
in10_235.dat,11633,11648.8,22.92
in10_236.dat,10665,10676.5,21.03
in10_237.dat,10604,10618.9,21.76
in10_238.dat,11356,11368.8,22.45
in10_239.dat,11925,11931.8,22.97
in10_240.dat,10944,10957.3,22.77
in10_241.dat,14574,14589.6,33.4
in10_242.dat,13963,13980.5,31.48
in10_243.dat,14619,14659,31.62
in10_244.dat,14921,14976.7,38.35
in10_245.dat,14806,14844.6,31.29
in10_246.dat,14192,14214.8,31.24
in10_247.dat,14120,14145.7,33.62
in10_248.dat,13677,13689.2,37.44
in10_249.dat,14669,14689.3,33.2
in10_250.dat,13943,13963.5,33.39
in10_251.dat,14730,14782,34.39
in10_252.dat,13695,13722.8,32.73
in10_253.dat,14357,14366.5,32.41
in10_254.dat,13822,13876.6,31.59
in10_255.dat,13966,14020.2,30.98
in10_256.dat,15698,15765.3,40.59
in10_257.dat,13990,14017.3,33.5
in10_258.dat,15017,15033.4,34.92
in10_259.dat,13922,13946.7,32.15
in10_260.dat,13334,13407.8,34.77
in10_261.dat,13614,13627.4,39.99
in10_262.dat,13036,13045.6,39.82
in10_263.dat,12517,12547.9,40.63
in10_264.dat,12949,12962.5,40.99
in10_265.dat,13734,13748.3,40.95
in10_266.dat,11993,12011.8,41.41
in10_267.dat,13081,13101.2,38.43
in10_268.dat,14769,14784.2,37.03
in10_269.dat,12960,12973.1,39.1
in10_270.dat,13292,13308.6,39.36
in10_271.dat,13073,13093.3,41.41
in10_272.dat,14352,14366.1,40.06
in10_273.dat,13083,13097.3,41.16
in10_274.dat,14044,14062,42.6
in10_275.dat,13654,13669.1,40.63
in10_276.dat,14413,14423.8,38.89
in10_277.dat,13845,13868.9,40.03
in10_278.dat,13440,13450.4,39.68
in10_279.dat,13628,13660.4,39.16
in10_280.dat,13514,13527.8,38.09
in10_281.dat,14377,14388,38.08
in10_282.dat,13536,13561.7,40.6
in10_283.dat,13451,13466.1,35.92
in10_284.dat,13434,13449.5,38.1
in10_285.dat,13575,13597.4,39.68
in10_286.dat,13133,13162.9,39.54
in10_287.dat,11275,11285.6,38.49
in10_288.dat,12650,12674.7,39.69
in10_289.dat,12809,12819.3,39.1
in10_290.dat,13884,13913.9,37.09
in10_291.dat,13461,13477.8,41.5
in10_292.dat,11917,11929.8,40.46
in10_293.dat,13646,13661.9,36.37
in10_294.dat,12018,12045.7,39.78
in10_295.dat,13121,13135.3,37.45
in10_296.dat,13470,13493.5,37.93
in10_297.dat,12892,12904.5,39.2
in10_298.dat,13633,13645.4,41.28
in10_299.dat,13696,13713.1,41.77
in10_300.dat,13180,13192.6,41.89
in10_301.dat,16665,16702.2,49.66
in10_302.dat,17950,17989.9,52.11
in10_303.dat,16538,16573.2,51.05
in10_304.dat,16338,16384.4,49.9
in10_305.dat,15930,15942.4,49.88
in10_306.dat,17927,17963.4,54.64
in10_307.dat,16441,16464.1,51.18
in10_308.dat,16186,16222.2,48.17
in10_309.dat,15547,15575,49.89
in10_310.dat,17681,17718.5,54.05
in10_311.dat,16689,16738.2,55.05
in10_312.dat,16433,16452.3,50.52
in10_313.dat,16957,17002.3,52.57
in10_314.dat,17152,17176.5,51.21
in10_315.dat,16688,16708.4,48.44
in10_316.dat,17248,17287.1,49.59
in10_317.dat,15979,16009.1,50.48
in10_318.dat,17702,17732.8,55.08
in10_319.dat,16334,16414.7,50.93
in10_320.dat,18183,18202.6,52.23
in10_321.dat,17534,17564.1,58.78
in10_322.dat,16096,16115.3,62.78
in10_323.dat,16166,16195.5,60.98
in10_324.dat,16252,16260.8,61.51
in10_325.dat,17352,17381.6,61.57
in10_326.dat,15692,15714.1,61.38
in10_327.dat,16718,16729.3,62.75
in10_328.dat,15723,15752.3,64.95
in10_329.dat,15442,15459.3,56.88
in10_330.dat,15927,15957.5,59.59
in10_331.dat,15136,15166,58.46
in10_332.dat,15855,15866.4,61.88
in10_333.dat,16586,16607.4,60.8
in10_334.dat,15520,15530.4,60.27
in10_335.dat,15796,15813.6,60.23
in10_336.dat,15259,15275.5,66.15
in10_337.dat,16767,16784.5,67.55
in10_338.dat,16393,16413.7,61.84
in10_339.dat,15491,15502.8,65.49
in10_340.dat,16500,16525.5,63.89
in10_341.dat,15147,15168.2,57.89
in10_342.dat,16251,16286.2,59.55
in10_343.dat,16394,16407.4,58.32
in10_344.dat,14496,14528.4,57.4
in10_345.dat,15996,16010.6,60.65
in10_346.dat,15475,15492.9,60.19
in10_347.dat,16909,16928.6,65.48
in10_348.dat,16441,16468,64.06
in10_349.dat,16023,16047.4,56.51
in10_350.dat,15334,15346.5,64.99
in10_351.dat,15062,15081.6,59.79
in10_352.dat,15999,16016.1,62.28
in10_353.dat,16774,16792.5,63.51
in10_354.dat,15232,15254.4,59.78
in10_355.dat,15832,15861.6,61.04
in10_356.dat,16262,16289.2,59.16
in10_357.dat,15376,15396.9,57.26
in10_358.dat,15815,15838.9,57.7
in10_359.dat,15474,15496.7,59.84
in10_360.dat,16323,16342.8,63.52
in14_001.dat,3764,3764,0.65
in14_002.dat,3542,3542,0.65
in14_003.dat,4350,4350,0.6
in14_004.dat,3972,3972.4,0.7
in14_005.dat,4139,4151.8,0.6
in14_006.dat,3655,3655,0.6
in14_007.dat,3872,3872,0.65
in14_008.dat,3927,3927,0.71
in14_009.dat,3718,3724.6,0.54
in14_010.dat,4155,4155,0.7
in14_011.dat,3665,3665,0.61
in14_012.dat,3170,3170,0.67
in14_013.dat,3977,3977,0.66
in14_014.dat,3931,3933.8,0.67
in14_015.dat,3759,3762.3,0.66
in14_016.dat,3681,3681,0.59
in14_017.dat,3696,3696,0.6
in14_018.dat,3559,3561.4,0.63
in14_019.dat,4162,4162,0.57
in14_020.dat,4414,4414,0.61
in14_021.dat,3099,3099,0.61
in14_022.dat,3106,3106,0.62
in14_023.dat,3014,3014,0.62
in14_024.dat,3586,3586,0.62
in14_025.dat,3139,3139,0.63
in14_026.dat,3250,3250,0.64
in14_027.dat,3224,3224,0.63
in14_028.dat,2835,2835,0.62
in14_029.dat,3374,3374,0.63
in14_030.dat,3758,3758,0.65
in14_031.dat,3093,3095.9,0.63
in14_032.dat,2809,2815,0.6
in14_033.dat,2830,2830,0.61
in14_034.dat,2846,2846,0.62
in14_035.dat,2985,2985,0.62
in14_036.dat,3503,3503,0.62
in14_037.dat,3225,3225,0.61
in14_038.dat,3370,3370,0.62
in14_039.dat,3153,3158,0.64
in14_040.dat,3220,3220,0.61
in14_041.dat,3334,3334,0.67
in14_042.dat,3461,3461,0.61
in14_043.dat,2888,2888,0.63
in14_044.dat,3035,3035,0.61
in14_045.dat,3730,3730,0.62
in14_046.dat,3001,3003.7,0.62
in14_047.dat,3036,3036.6,0.64
in14_048.dat,2634,2634.4,0.62
in14_049.dat,2680,2680,0.62
in14_050.dat,3093,3093,0.61
in14_051.dat,2539,2539,0.62
in14_052.dat,2772,2772,0.64
in14_053.dat,3272,3272,0.63
in14_054.dat,2567,2567,0.64
in14_055.dat,3247,3247,0.67
in14_056.dat,2882,2882,0.62
in14_057.dat,3205,3205,0.63
in14_058.dat,3371,3373.8,0.65
in14_059.dat,2986,2986,0.63
in14_060.dat,2994,2994,0.63
in14_061.dat,7772,7772,3.05
in14_062.dat,7282,7285.5,4.22
in14_063.dat,7271,7271,3.05
in14_064.dat,7475,7475,3.75
in14_065.dat,7290,7308.6,3.51
in14_066.dat,7331,7332,3.28
in14_067.dat,7661,7663.4,3.42
in14_068.dat,7797,7834.3,3.84
in14_069.dat,7561,7599.9,3.45
in14_070.dat,7318,7325.6,3.22
in14_071.dat,7445,7454,4.03
in14_072.dat,7665,7665,3.46
in14_073.dat,7361,7367,3.48
in14_074.dat,7096,7097.1,3.28
in14_075.dat,7603,7604.3,3.36
in14_076.dat,7574,7577.6,2.82
in14_077.dat,7803,7817.4,3.49
in14_078.dat,7642,7645.5,3.59
in14_079.dat,7489,7491.3,3.17
in14_080.dat,7628,7630.4,3.14
in14_081.dat,5160,5166.9,3.47
in14_082.dat,5893,5893,3.55
in14_083.dat,5294,5295.7,3.42
in14_084.dat,5615,5615,3.22
in14_085.dat,6196,6196.3,3.53
in14_086.dat,5331,5331,3.54
in14_087.dat,5691,5691.9,3.3
in14_088.dat,5269,5272.6,3.5
in14_089.dat,5719,5719,3.31
in14_090.dat,5617,5620.2,3.74
in14_091.dat,6183,6195,3.51
in14_092.dat,5812,5812,3.81
in14_093.dat,6107,6110.8,3.61
in14_094.dat,4837,4838.8,3.32
in14_095.dat,6168,6168.3,3.65
in14_096.dat,5667,5669.8,3.71
in14_097.dat,5157,5157.3,3.14
in14_098.dat,5661,5661.2,3.62
in14_099.dat,6323,6324.5,3.4
in14_100.dat,5680,5691,3.36
in14_101.dat,5489,5493.6,3.61
in14_102.dat,5518,5535.6,3.77
in14_103.dat,5399,5401,3.54
in14_104.dat,4862,4869.8,3.55
in14_105.dat,5425,5431.7,3.54
in14_106.dat,5712,5715.6,3.86
in14_107.dat,6014,6017.7,4.05
in14_108.dat,6232,6249.8,3.92
in14_109.dat,5373,5373,3.31
in14_110.dat,5036,5038.7,3.62
in14_111.dat,5216,5221.9,3.73
in14_112.dat,5311,5325.8,3.97
in14_113.dat,6232,6238.4,3.78
in14_114.dat,5177,5182.1,3.66
in14_115.dat,5607,5607,3.61
in14_116.dat,6045,6055.6,3.86
in14_117.dat,5736,5737.3,3.84
in14_118.dat,5284,5293.5,3.9
in14_119.dat,5890,5890,3.71
in14_120.dat,5996,6001.7,3.55
in14_121.dat,10693,10693,6.61
in14_122.dat,10654,10663.3,9.41
in14_123.dat,11036,11036,8.78
in14_124.dat,11265,11284.8,8.75
in14_125.dat,10857,10860.9,9.12
in14_126.dat,10687,10687,7.78
in14_127.dat,11750,11788.3,9.7
in14_128.dat,10787,10796.2,9.8
in14_129.dat,10758,10768.5,7.87
in14_130.dat,10667,10667,6.72
in14_131.dat,10799,10801.5,8.42
in14_132.dat,11288,11304.3,9.66
in14_133.dat,11200,11235.8,11.39
in14_134.dat,10677,10703.1,9.44
in14_135.dat,10672,10672,7.7
in14_136.dat,10792,10801.6,9.31
in14_137.dat,11200,11227.3,9.27
in14_138.dat,11293,11293,7.8
in14_139.dat,10793,10796.7,9.75
in14_140.dat,10413,10413,6.87
in14_141.dat,8636,8644.7,11.08
in14_142.dat,8648,8649.5,9.39
in14_143.dat,8338,8359.3,10.19
in14_144.dat,8011,8020,10.87
in14_145.dat,8191,8205.3,9.98
in14_146.dat,7706,7721.4,10.88
in14_147.dat,7864,7881.6,9.64
in14_148.dat,8520,8534.9,10
in14_149.dat,8303,8310.8,8.97
in14_150.dat,8685,8687.7,9.73
in14_151.dat,8283,8297,10.13
in14_152.dat,8406,8411.9,9.59
in14_153.dat,7709,7720.2,9.79
in14_154.dat,8199,8203.4,9.6
in14_155.dat,8715,8720.3,9.65
in14_156.dat,8282,8296.7,9.7
in14_157.dat,8677,8685.1,10.08
in14_158.dat,8679,8691.5,10.3
in14_159.dat,8716,8724.4,10.17
in14_160.dat,8314,8325.3,10.79
in14_161.dat,8422,8434.2,11.45
in14_162.dat,8469,8478,10.95
in14_163.dat,9402,9411.8,10.37
in14_164.dat,8210,8224.7,10.65
in14_165.dat,7702,7714.6,10.79
in14_166.dat,8089,8094.4,10.56
in14_167.dat,8628,8638.2,10.55
in14_168.dat,8728,8738.5,10.96
in14_169.dat,8553,8569.2,11.75
in14_170.dat,8113,8124.8,11.14
in14_171.dat,8035,8046.4,12.69
in14_172.dat,8158,8164.3,10.43
in14_173.dat,8079,8082.6,9.86
in14_174.dat,8804,8814.1,10.65
in14_175.dat,7831,7838,10
in14_176.dat,8506,8510,10.09
in14_177.dat,7738,7761.1,11.2
in14_178.dat,8514,8529.6,10.99
in14_179.dat,8248,8264.1,10.35
in14_180.dat,8140,8153.7,9.94
in14_181.dat,14510,14512.7,15.61
in14_182.dat,14322,14323.8,18.44
in14_183.dat,14879,14897.3,18.98
in14_184.dat,14210,14210,15.01
in14_185.dat,13921,13922.8,16.42
in14_186.dat,13705,13705,23.13
in14_187.dat,14752,14760.1,15.82
in14_188.dat,14170,14183.4,20.13
in14_189.dat,14360,14402.2,19.69
in14_190.dat,14215,14260.4,20
in14_191.dat,15326,15339,22.08
in14_192.dat,14098,14101.1,18.29
in14_193.dat,14570,14622.2,17.18
in14_194.dat,13850,13850,16.8
in14_195.dat,13679,13761.4,18.06
in14_196.dat,14616,14616,19.12
in14_197.dat,14640,14703.5,19.59
in14_198.dat,14601,14630.3,19.84
in14_199.dat,14090,14101.1,18.32
in14_200.dat,14335,14360.3,19.02
in14_201.dat,11114,11132.1,20.88
in14_202.dat,10912,10933.1,22.39
in14_203.dat,11134,11151.5,20.49
in14_204.dat,10822,10828.4,20.63
in14_205.dat,11986,11998.9,21.52
in14_206.dat,11127,11144,20.91
in14_207.dat,10912,10922.9,20.05
in14_208.dat,10307,10317,20.6
in14_209.dat,12258,12293,21.5
in14_210.dat,12094,12106.7,22.99
in14_211.dat,10588,10608.6,21.72
in14_212.dat,11736,11754.6,21.9
in14_213.dat,12226,12260.8,22.08
in14_214.dat,9853,9890.4,21.13
in14_215.dat,11356,11369.4,19.27
in14_216.dat,11913,11930,22.43
in14_217.dat,11119,11135.3,20.47
in14_218.dat,11101,11113.6,20.03
in14_219.dat,11370,11383.8,20.81
in14_220.dat,10669,10679.9,22.18
in14_221.dat,11345,11362.4,24.21
in14_222.dat,9993,10003.2,24.13
in14_223.dat,10452,10460.8,23.39
in14_224.dat,10191,10205.7,22.43
in14_225.dat,9844,9863.6,25.66
in14_226.dat,10151,10160.3,22.19
in14_227.dat,11111,11121.9,23.28
in14_228.dat,11248,11260,23.64
in14_229.dat,9829,9841.4,21.5
in14_230.dat,10893,10902.7,24.91
in14_231.dat,11031,11041.2,22.29
in14_232.dat,11084,11091.7,22.61
in14_233.dat,12065,12080.2,23.95
in14_234.dat,10745,10760.7,21.18
in14_235.dat,11256,11277.2,22.82
in14_236.dat,9608,9631.1,21.1
in14_237.dat,10693,10701.2,21.13
in14_238.dat,10659,10673.9,21.98
in14_239.dat,10254,10266.5,21.32
in14_240.dat,10931,10942.3,22.13
in14_241.dat,18035,18037.2,36.21
in14_242.dat,18293,18304.6,35.1
in14_243.dat,17593,17634,34.36
in14_244.dat,17530,17562.6,28.88
in14_245.dat,17927,17935.9,32.55
in14_246.dat,17884,17919.8,36.33
in14_247.dat,17863,17878,36.76
in14_248.dat,18386,18398.3,35.71
in14_249.dat,18242,18256.6,35.26
in14_250.dat,17289,17289,28.18
in14_251.dat,18356,18379.2,29.06
in14_252.dat,17676,17680.4,28.93
in14_253.dat,18725,18751.6,33.8
in14_254.dat,17434,17434,26.63
in14_255.dat,17907,17926.8,34.83
in14_256.dat,17922,17957.6,35.1
in14_257.dat,18009,18014.5,27.67
in14_258.dat,18181,18214.2,34.78
in14_259.dat,17868,17868.7,33.34
in14_260.dat,17633,17679.5,28.55
in14_261.dat,15342,15366.5,37.81
in14_262.dat,14140,14155.6,37.78
in14_263.dat,13197,13212.8,34.55
in14_264.dat,13307,13322.9,38.36
in14_265.dat,13518,13529.9,36.68
in14_266.dat,13908,13924.7,36.2
in14_267.dat,13504,13525.3,36.22
in14_268.dat,13784,13805,37.17
in14_269.dat,12969,12994.8,39.32
in14_270.dat,13653,13674.9,38.08
in14_271.dat,13726,13741.7,37
in14_272.dat,13961,13978.5,37.43
in14_273.dat,15019,15037.4,39.35
in14_274.dat,14145,14156.2,37.69
in14_275.dat,13952,13982.7,43.01
in14_276.dat,14411,14433.7,38.34
in14_277.dat,14063,14076.1,35.92
in14_278.dat,12707,12723.1,41.16
in14_279.dat,12571,12611.7,35.54
in14_280.dat,14209,14232.9,37.9
in14_281.dat,13306,13325.3,40.36
in14_282.dat,12877,12901.5,37.48
in14_283.dat,13110,13139.2,40.61
in14_284.dat,12789,12812.6,41
in14_285.dat,13561,13571.2,40.22
in14_286.dat,13180,13195.3,39.65
in14_287.dat,13379,13395,39.62
in14_288.dat,12476,12492,40.57
in14_289.dat,13240,13255.9,42.32
in14_290.dat,13686,13694.1,41.02
in14_291.dat,13555,13579.5,40.35
in14_292.dat,13092,13110.7,38.42
in14_293.dat,13711,13718.3,39.19
in14_294.dat,12034,12042.1,39.31
in14_295.dat,12804,12818.1,37.1
in14_296.dat,12706,12724.3,38.67
in14_297.dat,13292,13307.4,39.02
in14_298.dat,13063,13083.4,37.47
in14_299.dat,12956,12969.6,40.81
in14_300.dat,14255,14269,39.65
in14_301.dat,20873,20876.6,56.47
in14_302.dat,20768,20768.4,53.02
in14_303.dat,21740,21790.7,54.49
in14_304.dat,22057,22082.2,48.02
in14_305.dat,21137,21147.3,54.33
in14_306.dat,21592,21617.8,69.49
in14_307.dat,21152,21191.5,44.76
in14_308.dat,20224,20224,48.61
in14_309.dat,21621,21622.8,45.4
in14_310.dat,21164,21164,40.53
in14_311.dat,21338,21368.6,52.18
in14_312.dat,21749,21765,56.43
in14_313.dat,22205,22209,52.46
in14_314.dat,21497,21532.4,61.8
in14_315.dat,21580,21580,51.68
in14_316.dat,20847,20880.7,56.1
in14_317.dat,21460,21460,49.44
in14_318.dat,21360,21365.1,50.94
in14_319.dat,21060,21071.8,45.85
in14_320.dat,21090,21102.4,52.12
in14_321.dat,17438,17465.2,63.79
in14_322.dat,16079,16093.6,60.87
in14_323.dat,16302,16328.6,65.53
in14_324.dat,16838,16867,63.47
in14_325.dat,15391,15407,64.05
in14_326.dat,16229,16266.3,60.71
in14_327.dat,15603,15627.9,58.32
in14_328.dat,15152,15200.8,67.21
in14_329.dat,15478,15506.7,59.53
in14_330.dat,16751,16764.9,63.7
in14_331.dat,15590,15620.2,59.31
in14_332.dat,15163,15179.8,57.64
in14_333.dat,16134,16155,62.31
in14_334.dat,17188,17211.7,64.12
in14_335.dat,16570,16593.9,59.18
in14_336.dat,16061,16087.7,60.18
in14_337.dat,16976,17003.9,60.97
in14_338.dat,15023,15057.1,59.18
in14_339.dat,16811,16835.9,61.01
in14_340.dat,15376,15406.6,55.18
in14_341.dat,16219,16240.1,57.94
in14_342.dat,16305,16322.8,61.76
in14_343.dat,15877,15907.3,56.48
in14_344.dat,15642,15659.5,62.67
in14_345.dat,16421,16436.2,59.48
in14_346.dat,15021,15047,60.3
in14_347.dat,16791,16809.1,64.7
in14_348.dat,15918,15945.2,59.29
in14_349.dat,14463,14498.6,60.62
in14_350.dat,16034,16056.7,60.2
in14_351.dat,15662,15679.7,62
in14_352.dat,15625,15634.4,65.18
in14_353.dat,14811,14833.4,60.78
in14_354.dat,16058,16071.9,56.96
in14_355.dat,15854,15872.4,58.27
in14_356.dat,14842,14858.1,58.07
in14_357.dat,16457,16474.7,60.21
in14_358.dat,15284,15297.3,61.81
in14_359.dat,15803,15824.5,56.72
in14_360.dat,15173,15203.2,61.03
in18_001.dat,4697,4702,0.58
in18_002.dat,4381,4381,0.67
in18_003.dat,4590,4590,0.66
in18_004.dat,4949,4949,0.56
in18_005.dat,4614,4614,0.55
in18_006.dat,4803,4803,0.62
in18_007.dat,4496,4496,0.58
in18_008.dat,4685,4685,0.64
in18_009.dat,4707,4707,0.59
in18_010.dat,4652,4652,0.64
in18_011.dat,4503,4503,0.64
in18_012.dat,4643,4643,0.56
in18_013.dat,4573,4573,0.59
in18_014.dat,4479,4479,0.56
in18_015.dat,4683,4683,0.73
in18_016.dat,4693,4693,0.6
in18_017.dat,5063,5063,0.6
in18_018.dat,4674,4674,0.56
in18_019.dat,4599,4599,0.63
in18_020.dat,4450,4475.8,0.62
in18_021.dat,3382,3382,0.67
in18_022.dat,2775,2775.6,0.65
in18_023.dat,2971,2971,0.6
in18_024.dat,2940,2941.8,0.64
in18_025.dat,2972,2972,0.69
in18_026.dat,3663,3663,0.59
in18_027.dat,3468,3468,0.61
in18_028.dat,3512,3512,0.67
in18_029.dat,3423,3423,0.6
in18_030.dat,3290,3290,0.61
in18_031.dat,3295,3295,0.61
in18_032.dat,3222,3222,0.6
in18_033.dat,3332,3332,0.63
in18_034.dat,3591,3591,0.67
in18_035.dat,3304,3304,0.61
in18_036.dat,3256,3256,0.63
in18_037.dat,3371,3371,0.6
in18_038.dat,3487,3487,0.62
in18_039.dat,3167,3167,0.63
in18_040.dat,3386,3386,0.61
in18_041.dat,2447,2447,0.62
in18_042.dat,3315,3315,0.67
in18_043.dat,3619,3619,0.61
in18_044.dat,3170,3170,0.63
in18_045.dat,3775,3775,0.63
in18_046.dat,3624,3626.4,0.66
in18_047.dat,2714,2720.4,0.64
in18_048.dat,2711,2711,0.6
in18_049.dat,2656,2656,0.63
in18_050.dat,3293,3293.2,0.65
in18_051.dat,3162,3162,0.65
in18_052.dat,3457,3457,0.62
in18_053.dat,3671,3671,0.63
in18_054.dat,2925,2925,0.65
in18_055.dat,3098,3098,0.61
in18_056.dat,3412,3412,0.66
in18_057.dat,3251,3252.2,0.69
in18_058.dat,3032,3032,0.66
in18_059.dat,3227,3227,0.63
in18_060.dat,2970,2970,0.62
in18_061.dat,9169,9176.8,3.7
in18_062.dat,8959,8959,3.3
in18_063.dat,8907,8907,2.73
in18_064.dat,9248,9248,2.71
in18_065.dat,8913,8913,2.93
in18_066.dat,9211,9220.3,3.41
in18_067.dat,9245,9260.7,2.86
in18_068.dat,9626,9626,3.19
in18_069.dat,9309,9356.8,3.01
in18_070.dat,9556,9578.3,3.54
in18_071.dat,9088,9088,3.66
in18_072.dat,8659,8705.1,3.19
in18_073.dat,9064,9064,3.8
in18_074.dat,9188,9188,2.89
in18_075.dat,9226,9227.5,3.04
in18_076.dat,8989,8989,2.65
in18_077.dat,8651,8651,2.5
in18_078.dat,9107,9107,2.79
in18_079.dat,9347,9351,3.07
in18_080.dat,9078,9078,2.9
in18_081.dat,5736,5736,3.32
in18_082.dat,6347,6354.8,3.24
in18_083.dat,5635,5646.8,3.37
in18_084.dat,6119,6127,3.48
in18_085.dat,6562,6572,3.3
in18_086.dat,6212,6222.3,3.36
in18_087.dat,6103,6111,3.59
in18_088.dat,6222,6234.8,3.41
in18_089.dat,6114,6147.1,3.31
in18_090.dat,6347,6347,3.36
in18_091.dat,6136,6144.8,3.32
in18_092.dat,6087,6087.7,3.44
in18_093.dat,6216,6222.1,3.22
in18_094.dat,5742,5743.1,3.23
in18_095.dat,5891,5893.8,3.29
in18_096.dat,6146,6147.9,3.32
in18_097.dat,6014,6014,3.37
in18_098.dat,6390,6393.9,3.27
in18_099.dat,6699,6701.1,3.37
in18_100.dat,6256,6259.8,3.28
in18_101.dat,5486,5493.7,3.52
in18_102.dat,5618,5618.2,3.35
in18_103.dat,5288,5288.7,3.47
in18_104.dat,5850,5855.2,3.48
in18_105.dat,5745,5762.1,3.84
in18_106.dat,6120,6123.8,3.68
in18_107.dat,5694,5701.5,3.91
in18_108.dat,5942,5942.5,3.73
in18_109.dat,5781,5784.2,3.62
in18_110.dat,6045,6051.2,3.65
in18_111.dat,5474,5474.1,3.49
in18_112.dat,5074,5074.8,3.61
in18_113.dat,5745,5755.1,3.93
in18_114.dat,5222,5227.4,3.68
in18_115.dat,5821,5822.2,3.53
in18_116.dat,6186,6189.2,3.41
in18_117.dat,5434,5435.6,3.39
in18_118.dat,5983,5986.4,3.26
in18_119.dat,6315,6321,3.49
in18_120.dat,5460,5465.6,3.44
in18_121.dat,13480,13480,6.87
in18_122.dat,13660,13663.3,8.38
in18_123.dat,13797,13797,7.81
in18_124.dat,13658,13658,8.25
in18_125.dat,13187,13187.9,7.82
in18_126.dat,13751,13769.6,8.82
in18_127.dat,13727,13727,7.16
in18_128.dat,13374,13374,6.97
in18_129.dat,13195,13262.7,8.22
in18_130.dat,13621,13669.4,8.47
in18_131.dat,13463,13497.9,7.57
in18_132.dat,13538,13538,7.97
in18_133.dat,13518,13534.2,9.13
in18_134.dat,13942,13942,7.74
in18_135.dat,13560,13560,6.92
in18_136.dat,13584,13587.9,6.84
in18_137.dat,13470,13481.1,7.92
in18_138.dat,13933,13956,7.82
in18_139.dat,13679,13680.8,7.37
in18_140.dat,13657,13657,6.48
in18_141.dat,8374,8410.4,10.16
in18_142.dat,9417,9423,10.39
in18_143.dat,8582,8594.8,8.99
in18_144.dat,8011,8017,9.42
in18_145.dat,8314,8332.8,9.27
in18_146.dat,9097,9108.4,10.16
in18_147.dat,8917,8925.7,10.13
in18_148.dat,8802,8862.2,9.74
in18_149.dat,8433,8442.2,9.36
in18_150.dat,9251,9273.4,9.06
in18_151.dat,8370,8378,9.28
in18_152.dat,8809,8811.9,8.86
in18_153.dat,8917,8923.7,9.61
in18_154.dat,8538,8549.2,9.01
in18_155.dat,8702,8709.2,8.86
in18_156.dat,9538,9541.7,9.64
in18_157.dat,7939,7945.7,8.79
in18_158.dat,9340,9351.4,10.1
in18_159.dat,9139,9157,9.04
in18_160.dat,9217,9220.1,9.09
in18_161.dat,8207,8218.7,9.66
in18_162.dat,7199,7218.5,8.86
in18_163.dat,8254,8262.4,9.74
in18_164.dat,8775,8784.3,10.24
in18_165.dat,7962,7963.6,9.34
in18_166.dat,8862,8876.8,10.47
in18_167.dat,9060,9081.3,10.2
in18_168.dat,8156,8164.2,9.43
in18_169.dat,9332,9343.6,10.06
in18_170.dat,8203,8216.5,9.48
in18_171.dat,8868,8878,11.38
in18_172.dat,7837,7848.4,9.42
in18_173.dat,8184,8195.9,10.85
in18_174.dat,8577,8591.7,10.26
in18_175.dat,8764,8769.1,9.67
in18_176.dat,7429,7437.9,10.4
in18_177.dat,7431,7453.6,10.63
in18_178.dat,7987,7992.7,9.9
in18_179.dat,7258,7271,9.67
in18_180.dat,8218,8228.6,10.77
in18_181.dat,17673,17675.7,16.99
in18_182.dat,18102,18104.4,19.64
in18_183.dat,18056,18056,14.47
in18_184.dat,18077,18077,17.3
in18_185.dat,17879,17880.8,16.1
in18_186.dat,18053,18105.8,13.78
in18_187.dat,17988,17988,14.98
in18_188.dat,17949,17951.1,15.92
in18_189.dat,17850,17863.4,16.35
in18_190.dat,18166,18170.5,13.43
in18_191.dat,18023,18029.3,14.7
in18_192.dat,18577,18580.6,18.08
in18_193.dat,18219,18219,13.43
in18_194.dat,18130,18130,14.4
in18_195.dat,18437,18440.5,20.59
in18_196.dat,18254,18279.1,14.9
in18_197.dat,17933,17956.8,19.08
in18_198.dat,18106,18106.8,13.99
in18_199.dat,18510,18510,15.71
in18_200.dat,18299,18310.8,17.42
in18_201.dat,11844,11857.6,18.77
in18_202.dat,12583,12587.2,19.97
in18_203.dat,11860,11872.4,19.61
in18_204.dat,12046,12060.2,21.25
in18_205.dat,11208,11217.6,19.47
in18_206.dat,11475,11497.7,21.07
in18_207.dat,11342,11358.9,19.14
in18_208.dat,10918,10922.1,18.74
in18_209.dat,11178,11196,18.88
in18_210.dat,11463,11492,19.71
in18_211.dat,12153,12163.1,19.77
in18_212.dat,9970,10009.3,20.03
in18_213.dat,10767,10784,17.84
in18_214.dat,11849,11867.9,18.62
in18_215.dat,10484,10524.9,20.31
in18_216.dat,10706,10727.3,18.13
in18_217.dat,10936,10958.1,20.18
in18_218.dat,10892,10906.8,19.23
in18_219.dat,11459,11462,19.8
in18_220.dat,11592,11603.9,18.5
in18_221.dat,10463,10474.1,19.68
in18_222.dat,10917,10932.7,20.83
in18_223.dat,10547,10570.1,20.96
in18_224.dat,11682,11694.2,22.79
in18_225.dat,9872,9887.4,22.23
in18_226.dat,11176,11188.4,21.99
in18_227.dat,9917,9927.5,21.85
in18_228.dat,10634,10640.9,22.45
in18_229.dat,11501,11516.5,23.33
in18_230.dat,10937,10955.7,22.33
in18_231.dat,11520,11537.1,22.58
in18_232.dat,9597,9609.1,20.77
in18_233.dat,10389,10400.2,21.53
in18_234.dat,10663,10688.7,22.52
in18_235.dat,10477,10490.5,21.02
in18_236.dat,10474,10493.1,20.84
in18_237.dat,11024,11034,22.18
in18_238.dat,10512,10525.6,21.52
in18_239.dat,10698,10713.6,21.95
in18_240.dat,10658,10672.3,22.22
in18_241.dat,22489,22497.6,29.37
in18_242.dat,22550,22550,27.02
in18_243.dat,23170,23210.1,25.9
in18_244.dat,22353,22359.4,24.07
in18_245.dat,22754,22787.8,28.38
in18_246.dat,22109,22109,24.92
in18_247.dat,22704,22719.6,27.38
in18_248.dat,22652,22657.9,31.1
in18_249.dat,23185,23259.7,26.93
in18_250.dat,22800,22859.5,28.28
in18_251.dat,22626,22633.3,30.88
in18_252.dat,22522,22522,25.5
in18_253.dat,22496,22505.3,32.15
in18_254.dat,22351,22365.4,25.27
in18_255.dat,22596,22598.5,26.18
in18_256.dat,23074,23081.2,28.87
in18_257.dat,22900,22900,28.51
in18_258.dat,22462,22462,32.82
in18_259.dat,22636,22728.1,29.62
in18_260.dat,22596,22596.6,26.06
in18_261.dat,12533,12552.7,31.93
in18_262.dat,14303,14307.2,35.91
in18_263.dat,13617,13627.1,35.25
in18_264.dat,14354,14387.7,34.2
in18_265.dat,13935,13949.4,33.15
in18_266.dat,14043,14069.6,31.52
in18_267.dat,13686,13726.5,33.55
in18_268.dat,13018,13053.4,33.2
in18_269.dat,13093,13093.1,33.9
in18_270.dat,12859,12900.3,35.96
in18_271.dat,14674,14711.1,36.95
in18_272.dat,15412,15430.7,36.68
in18_273.dat,14729,14762.5,32.74
in18_274.dat,13616,13639.7,31.91
in18_275.dat,13273,13296.6,33.35
in18_276.dat,15560,15578.8,39.29
in18_277.dat,14285,14303.7,34.73
in18_278.dat,15801,15821.3,34.94
in18_279.dat,13730,13761,35.1
in18_280.dat,14666,14683.5,34.82
in18_281.dat,13273,13303,35.67
in18_282.dat,12273,12292.3,38.52
in18_283.dat,13234,13238.2,39.14
in18_284.dat,13141,13151.2,37.84
in18_285.dat,14101,14122.9,38.55
in18_286.dat,12858,12869.5,40.3
in18_287.dat,13442,13460.6,40.71
in18_288.dat,13631,13647.6,38.64
in18_289.dat,14560,14572.6,39.08
in18_290.dat,12441,12454.4,38.07
in18_291.dat,12938,12961.8,37.44
in18_292.dat,14129,14153.1,36.9
in18_293.dat,12449,12471,38.15
in18_294.dat,13440,13456.4,37.89
in18_295.dat,14249,14266.6,36
in18_296.dat,14146,14154.6,36.17
in18_297.dat,12945,12966.4,41.3
in18_298.dat,13994,14009.6,40.45
in18_299.dat,12449,12463.7,36.82
in18_300.dat,13846,13864.5,40.43
in18_301.dat,27057,27105.4,54.56
in18_302.dat,27134,27134,41.56
in18_303.dat,27605,27605,39.77
in18_304.dat,27016,27032.6,43.33
in18_305.dat,27042,27070.4,40.68
in18_306.dat,27378,27406.6,44.11
in18_307.dat,26965,26966.8,35.94
in18_308.dat,27126,27126.8,37.07
in18_309.dat,27375,27408.9,50.14
in18_310.dat,27089,27089,38.4
in18_311.dat,27305,27311,39.89
in18_312.dat,27121,27121,41.7
in18_313.dat,27150,27150,44.91
in18_314.dat,27208,27208,38.28
in18_315.dat,27350,27388.2,47.63
in18_316.dat,27068,27141.1,40.98
in18_317.dat,27323,27387.4,45.02
in18_318.dat,27007,27007,47.91
in18_319.dat,26968,26968,40.38
in18_320.dat,27539,27554.1,46.32
in18_321.dat,17560,17622.3,68.19
in18_322.dat,17039,17079.5,53.86
in18_323.dat,17201,17228.1,56.37
in18_324.dat,16936,16959.2,56.46
in18_325.dat,16213,16230.5,53.98
in18_326.dat,16418,16449.5,52.46
in18_327.dat,16462,16487.5,52.19
in18_328.dat,15754,15798.8,55.29
in18_329.dat,15287,15306,54.94
in18_330.dat,16469,16500.4,53.97
in18_331.dat,16250,16274.9,56.94
in18_332.dat,16260,16285.7,55.25
in18_333.dat,16134,16176.1,53.9
in18_334.dat,16875,16904.5,54.67
in18_335.dat,16182,16241.7,55.52
in18_336.dat,16293,16322.2,55.65
in18_337.dat,16504,16550.2,58.48
in18_338.dat,16396,16418.1,56.65
in18_339.dat,16723,16764,53.21
in18_340.dat,16666,16689.5,60.67
in18_341.dat,16643,16668.7,61.13
in18_342.dat,15830,15858.8,58.89
in18_343.dat,15398,15416.7,62.34
in18_344.dat,15731,15747.7,53
in18_345.dat,15885,15919,60.28
in18_346.dat,17454,17481.1,68.31
in18_347.dat,16171,16190.3,60.34
in18_348.dat,16118,16153.7,54.81
in18_349.dat,16646,16667.2,67.41
in18_350.dat,14904,14932.9,61.51
in18_351.dat,15847,15875.5,61.76
in18_352.dat,15847,15861.3,58.38
in18_353.dat,16316,16345.4,62.58
in18_354.dat,15222,15239.6,59.13
in18_355.dat,15804,15817.6,58.96
in18_356.dat,15198,15211.6,63.14
in18_357.dat,14557,14582.7,57.24
in18_358.dat,17231,17254.7,60.58
in18_359.dat,15305,15328.3,58.46
in18_360.dat,16485,16495.7,62.96
